model,f1_score,recall,precision,auc_pr,auc_roc,train_time_s,tn,fp,fn,tp
Isolation Forest,0.16071428571428573,0.158203125,0.16330645161290322,0.08535031078679023,0.7314951227999281,1.87,19073,415,431,81
Random Forest,0.37037037037037035,0.56640625,0.27514231499051234,0.4920286534052155,0.8888200030146758,58.47,18724,764,222,290
XGBoost,0.6073697585768743,0.466796875,0.8690909090909091,0.6569519477692519,0.9245741770576765,66.98,19452,36,273,239
