{
  "f1": 0.23354268434519657,
  "recall": 0.8502298572465521,
  "precision": 0.13536209553158707,
  "auc_pr": 0.5735123519657893,
  "threshold": 0.34761449694633484
}